<cars>
  <make>
    Ford
    <model>
      Mustang
      <car id="12333" year="1998" mileage="105230" />
      <car id="98272" year="2004" mileage="25100" />
      <car id="12233" year="1999" mileage="112000" />
    </model>
    <model>
      Escort
      <car id="55437" year="1996" mileage="108700" />
      <car id="68238" year="1992" mileage="150000" />
    </model>
  </make>
  <make>
    Toyota
    <model>
      Prius
      <car id="13252" year="2005" mileage="10500" />
    </model>
    <model>
      Camry
      <car id="13789" year="2002" mileage="38080" />
      <car id="11201" year="2000" mileage="95663" />
    </model>
  </make>
</cars>
