-- phpMyAdmin SQL Dump
-- version 2.6.1
-- http://www.phpmyadmin.net
-- 
-- Host: localhost
-- Generation Time: Mar 09, 2006 at 05:03 PM
-- Server version: 4.1.9
-- PHP Version: 4.3.10
-- 
-- Database: `test`
-- 

-- --------------------------------------------------------

-- 
-- Table structure for table `author`
-- 

DROP TABLE IF EXISTS `author`;
CREATE TABLE `author` (
  `id` smallint(6) NOT NULL auto_increment,
  `short_name` varchar(25) NOT NULL default '',
  `long_name` varchar(80) NOT NULL default '',
  PRIMARY KEY  (`id`)
) ENGINE=MyISAM DEFAULT CHARSET=latin1 AUTO_INCREMENT=27 ;

-- 
-- Dumping data for table `author`
-- 

INSERT INTO `author` (`id`, `short_name`, `long_name`) VALUES (1, 'Sarah', 'Sarah Haywood');
INSERT INTO `author` (`id`, `short_name`, `long_name`) VALUES (2, 'Red', 'Redfern Reid-Pitcher');
INSERT INTO `author` (`id`, `short_name`, `long_name`) VALUES (3, 'Jet', 'Jet Li');

-- --------------------------------------------------------

-- 
-- Table structure for table `category`
-- 

DROP TABLE IF EXISTS `category`;
CREATE TABLE `category` (
  `id` smallint(6) NOT NULL auto_increment,
  `name` varchar(25) NOT NULL default '',
  `description` varchar(80) NOT NULL default '',
  PRIMARY KEY  (`id`)
) ENGINE=MyISAM DEFAULT CHARSET=latin1 AUTO_INCREMENT=4 ;

-- 
-- Dumping data for table `category`
-- 

INSERT INTO `category` (`id`, `name`, `description`) VALUES (1, 'General', 'General News Items');
INSERT INTO `category` (`id`, `name`, `description`) VALUES (2, 'Books', 'News Items Regarding Books');
INSERT INTO `category` (`id`, `name`, `description`) VALUES (3, 'Martial Arts', 'News Items Regarding Kung Fu');

-- --------------------------------------------------------

-- 
-- Table structure for table `newsitems`
-- 

DROP TABLE IF EXISTS `newsitems`;
CREATE TABLE `newsitems` (
  `id` mediumint(9) NOT NULL auto_increment,
  `category` smallint(6) NOT NULL default '1',
  `author` smallint(6) NOT NULL default '1',
  `title` varchar(80) NOT NULL default '',
  `body` text NOT NULL,
  `status` binary(1) NOT NULL default '1',
  `posted` datetime NOT NULL default '0000-00-00 00:00:00',
  PRIMARY KEY  (`id`),
  KEY `category` (`category`),
  KEY `title` (`title`),
  KEY `author` (`author`),
  KEY `status` (`status`),
  FULLTEXT KEY `Body` (`body`)
) ENGINE=MyISAM DEFAULT CHARSET=latin1 AUTO_INCREMENT=90 ;

-- 
-- Dumping data for table `newsitems`
-- 

INSERT INTO `newsitems` (`id`, `category`, `author`, `title`, `body`, `status`, `posted`) VALUES (1, 1, 1, 'Special Word count', 'Only 3 words', 0x31, '2006-02-06 11:04:00');
INSERT INTO `newsitems` (`id`, `category`, `author`, `title`, `body`, `status`, `posted`) VALUES (2, 1, 1, 'Another Title', 'Lorem ipsum dolor sit amet, consectetuer adipiscing elit. Curabitur sapien metus, hendrerit quis, egestas vel, mollis tempus, risus. Vivamus facilisis quam quis neque. Fusce vitae nulla. Proin fermentum dictum mi. Vestibulum iaculis consectetuer enim. Praesent eu ligula vitae ligula condimentum molestie. Nulla suscipit accumsan lorem. Vivamus faucibus, velit ac malesuada egestas, dolor quam volutpat lorem, eget venenatis lectus libero ut lectus. Morbi at erat ut tortor tincidunt tempus. Integer ut enim. Suspendisse placerat mollis sapien. Pellentesque ut dui ac lectus rutrum mattis. Sed nibh felis, vulputate eu, rhoncus eu, consequat ac, magna.\r\n\r\nQuisque purus eros, accumsan ac, adipiscing eu, ultrices ut, urna. Lorem ipsum dolor sit amet, consectetuer adipiscing elit. Nullam lacinia purus ut metus. Ut ut turpis. Quisque aliquet. Maecenas sollicitudin, mauris quis iaculis rhoncus, lectus elit sagittis nisl, porta varius libero diam sit amet ligula. Curabitur velit metus, mollis vel, eleifend at, aliquet ut, enim. Mauris quis odio. Phasellus mi risus, mattis eu, mollis et, vulputate eget, velit. Nulla lectus. Quisque quis lorem non tortor sodales bibendum. Sed sit amet orci. Duis rutrum convallis elit.\r\n\r\nAenean id felis. Vivamus consectetuer. In auctor rutrum ante. Praesent dictum lectus non turpis. Fusce id ante. Morbi at orci sit amet eros nonummy posuere. Nulla vitae erat nec libero porttitor dapibus. Proin enim. In lorem. Vestibulum porta lectus sed nisi. Vestibulum ante ipsum primis in faucibus orci luctus et ultrices posuere cubilia Curae; Cras dapibus elit eu sapien. Mauris vitae nulla.\\r\\n\\r\\nPellentesque condimentum nisl quis arcu. Phasellus augue leo, luctus sed, adipiscing nec, malesuada eu, magna. Fusce fringilla, orci et egestas ullamcorper, ipsum turpis semper neque, quis hendrerit ipsum enim eu mi. Nulla id arcu. Fusce ante diam, pretium a, egestas a, rutrum nec, turpis. Etiam massa libero, convallis in, scelerisque sit amet, vulputate ac, lacus. In hac habitasse platea dictumst. Cras magna erat, fringilla sed, ornare sit amet, ornare dapibus, augue. Vestibulum egestas. Mauris luctus rutrum erat. Proin lobortis semper justo. Cum sociis natoque penatibus et magnis dis parturient montes, nascetur ridiculus mus. Morbi hendrerit suscipit neque. Duis faucibus lacinia nisi. Vivamus consectetuer hendrerit risus.\r\n\r\nUt quam. Quisque libero. Nulla viverra. Sed malesuada laoreet tellus. Sed scelerisque. Nunc odio. Curabitur ut felis. Donec non mauris. Etiam tristique egestas magna. Pellentesque orci mauris, ultricies suscipit, lobortis congue, tristique vel, risus. Nullam neque felis, venenatis nec, viverra sit amet, scelerisque eu, ipsum. Nam magna ligula, tincidunt vel, feugiat et, rhoncus eleifend, erat. Ut feugiat arcu quis purus. Cras nonummy. Pellentesque porta imperdiet dui.', 0x31, '2006-02-07 10:00:00');
INSERT INTO `newsitems` (`id`, `category`, `author`, `title`, `body`, `status`, `posted`) VALUES (3, 2, 2, 'running out of titles', 'Lorem ipsum dolor sit amet, consectetuer adipiscing elit. Curabitur sapien metus, hendrerit quis, egestas vel, mollis tempus, risus. Vivamus facilisis quam quis neque. Fusce vitae nulla. Proin fermentum dictum mi. Vestibulum iaculis consectetuer enim. Praesent eu ligula vitae ligula condimentum molestie. Nulla suscipit accumsan lorem. Vivamus faucibus, velit ac malesuada egestas, dolor quam volutpat lorem, eget venenatis lectus libero ut lectus. Morbi at erat ut tortor tincidunt tempus. Integer ut enim. Suspendisse placerat mollis sapien. Pellentesque ut dui ac lectus rutrum mattis. Sed nibh felis, vulputate eu, rhoncus eu, consequat ac, magna.\r\n\r\nQuisque purus eros, accumsan ac, adipiscing eu, ultrices ut, urna. Lorem ipsum dolor sit amet, consectetuer adipiscing elit. Nullam lacinia purus ut metus. Ut ut turpis. Quisque aliquet. Maecenas sollicitudin, mauris quis iaculis rhoncus, lectus elit sagittis nisl, porta varius libero diam sit amet ligula. Curabitur velit metus, mollis vel, eleifend at, aliquet ut, enim. Mauris quis odio. Phasellus mi risus, mattis eu, mollis et, vulputate eget, velit. Nulla lectus. Quisque quis lorem non tortor sodales bibendum. Sed sit amet orci. Duis rutrum convallis elit.\r\n\r\nAenean id felis. Vivamus consectetuer. In auctor rutrum ante. Praesent dictum lectus non turpis. Fusce id ante. Morbi at orci sit amet eros nonummy posuere. Nulla vitae erat nec libero porttitor dapibus. Proin enim. In lorem. Vestibulum porta lectus sed nisi. Vestibulum ante ipsum primis in faucibus orci luctus et ultrices posuere cubilia Curae; Cras dapibus elit eu sapien. Mauris vitae nulla.\\r\\n\\r\\nPellentesque condimentum nisl quis arcu. Phasellus augue leo, luctus sed, adipiscing nec, malesuada eu, magna. Fusce fringilla, orci et egestas ullamcorper, ipsum turpis semper neque, quis hendrerit ipsum enim eu mi. Nulla id arcu. Fusce ante diam, pretium a, egestas a, rutrum nec, turpis. Etiam massa libero, convallis in, scelerisque sit amet, vulputate ac, lacus. In hac habitasse platea dictumst. Cras magna erat, fringilla sed, ornare sit amet, ornare dapibus, augue. Vestibulum egestas. Mauris luctus rutrum erat. Proin lobortis semper justo. Cum sociis natoque penatibus et magnis dis parturient montes, nascetur ridiculus mus. Morbi hendrerit suscipit neque. Duis faucibus lacinia nisi. Vivamus consectetuer hendrerit risus.\r\n\r\nUt quam. Quisque libero. Nulla viverra. Sed malesuada laoreet tellus. Sed scelerisque. Nunc odio. Curabitur ut felis. Donec non mauris. Etiam tristique egestas magna. Pellentesque orci mauris, ultricies suscipit, lobortis congue, tristique vel, risus. Nullam neque felis, venenatis nec, viverra sit amet, scelerisque eu, ipsum. Nam magna ligula, tincidunt vel, feugiat et, rhoncus eleifend, erat. Ut feugiat arcu quis purus. Cras nonummy. Pellentesque porta imperdiet dui.', 0x31, '2006-02-08 13:22:00');
INSERT INTO `newsitems` (`id`, `category`, `author`, `title`, `body`, `status`, `posted`) VALUES (4, 3, 3, 'My nth title', 'Lorem ipsum dolor sit amet, consectetuer adipiscing elit. Curabitur sapien metus, hendrerit quis, egestas vel, mollis tempus, risus. Vivamus facilisis quam quis neque. Fusce vitae nulla. Proin fermentum dictum mi. Vestibulum iaculis consectetuer enim. Praesent eu ligula vitae ligula condimentum molestie. Nulla suscipit accumsan lorem. Vivamus faucibus, velit ac malesuada egestas, dolor quam volutpat lorem, eget venenatis lectus libero ut lectus. Morbi at erat ut tortor tincidunt tempus. Integer ut enim. Suspendisse placerat mollis sapien. Pellentesque ut dui ac lectus rutrum mattis. Sed nibh felis, vulputate eu, rhoncus eu, consequat ac, magna.\r\n\r\nQuisque purus eros, accumsan ac, adipiscing eu, ultrices ut, urna. Lorem ipsum dolor sit amet, consectetuer adipiscing elit. Nullam lacinia purus ut metus. Ut ut turpis. Quisque aliquet. Maecenas sollicitudin, mauris quis iaculis rhoncus, lectus elit sagittis nisl, porta varius libero diam sit amet ligula. Curabitur velit metus, mollis vel, eleifend at, aliquet ut, enim. Mauris quis odio. Phasellus mi risus, mattis eu, mollis et, vulputate eget, velit. Nulla lectus. Quisque quis lorem non tortor sodales bibendum. Sed sit amet orci. Duis rutrum convallis elit.\r\n\r\nAenean id felis. Vivamus consectetuer. In auctor rutrum ante. Praesent dictum lectus non turpis. Fusce id ante. Morbi at orci sit amet eros nonummy posuere. Nulla vitae erat nec libero porttitor dapibus. Proin enim. In lorem. Vestibulum porta lectus sed nisi. Vestibulum ante ipsum primis in faucibus orci luctus et ultrices posuere cubilia Curae; Cras dapibus elit eu sapien. Mauris vitae nulla.\\r\\n\\r\\nPellentesque condimentum nisl quis arcu. Phasellus augue leo, luctus sed, adipiscing nec, malesuada eu, magna. Fusce fringilla, orci et egestas ullamcorper, ipsum turpis semper neque, quis hendrerit ipsum enim eu mi. Nulla id arcu. Fusce ante diam, pretium a, egestas a, rutrum nec, turpis. Etiam massa libero, convallis in, scelerisque sit amet, vulputate ac, lacus. In hac habitasse platea dictumst. Cras magna erat, fringilla sed, ornare sit amet, ornare dapibus, augue. Vestibulum egestas. Mauris luctus rutrum erat. Proin lobortis semper justo. Cum sociis natoque penatibus et magnis dis parturient montes, nascetur ridiculus mus. Morbi hendrerit suscipit neque. Duis faucibus lacinia nisi. Vivamus consectetuer hendrerit risus.\r\n\r\nUt quam. Quisque libero. Nulla viverra. Sed malesuada laoreet tellus. Sed scelerisque. Nunc odio. Curabitur ut felis. Donec non mauris. Etiam tristique egestas magna. Pellentesque orci mauris, ultricies suscipit, lobortis congue, tristique vel, risus. Nullam neque felis, venenatis nec, viverra sit amet, scelerisque eu, ipsum. Nam magna ligula, tincidunt vel, feugiat et, rhoncus eleifend, erat. Ut feugiat arcu quis purus. Cras nonummy. Pellentesque porta imperdiet dui.', 0x31, '2006-02-09 14:39:00');
INSERT INTO `newsitems` (`id`, `category`, `author`, `title`, `body`, `status`, `posted`) VALUES (5, 1, 1, 'Stupid title', 'Lorem ipsum dolor sit amet, consectetuer adipiscing elit. Curabitur sapien metus, hendrerit quis, egestas vel, mollis tempus, risus. Vivamus facilisis quam quis neque. Fusce vitae nulla. Proin fermentum dictum mi. Vestibulum iaculis consectetuer enim. Praesent eu ligula vitae ligula condimentum molestie. Nulla suscipit accumsan lorem. Vivamus faucibus, velit ac malesuada egestas, dolor quam volutpat lorem, eget venenatis lectus libero ut lectus. Morbi at erat ut tortor tincidunt tempus. Integer ut enim. Suspendisse placerat mollis sapien. Pellentesque ut dui ac lectus rutrum mattis. Sed nibh felis, vulputate eu, rhoncus eu, consequat ac, magna.\r\n\r\nQuisque purus eros, accumsan ac, adipiscing eu, ultrices ut, urna. Lorem ipsum dolor sit amet, consectetuer adipiscing elit. Nullam lacinia purus ut metus. Ut ut turpis. Quisque aliquet. Maecenas sollicitudin, mauris quis iaculis rhoncus, lectus elit sagittis nisl, porta varius libero diam sit amet ligula. Curabitur velit metus, mollis vel, eleifend at, aliquet ut, enim. Mauris quis odio. Phasellus mi risus, mattis eu, mollis et, vulputate eget, velit. Nulla lectus. Quisque quis lorem non tortor sodales bibendum. Sed sit amet orci. Duis rutrum convallis elit.\r\n\r\nAenean id felis. Vivamus consectetuer. In auctor rutrum ante. Praesent dictum lectus non turpis. Fusce id ante. Morbi at orci sit amet eros nonummy posuere. Nulla vitae erat nec libero porttitor dapibus. Proin enim. In lorem. Vestibulum porta lectus sed nisi. Vestibulum ante ipsum primis in faucibus orci luctus et ultrices posuere cubilia Curae; Cras dapibus elit eu sapien. Mauris vitae nulla.\\r\\n\\r\\nPellentesque condimentum nisl quis arcu. Phasellus augue leo, luctus sed, adipiscing nec, malesuada eu, magna. Fusce fringilla, orci et egestas ullamcorper, ipsum turpis semper neque, quis hendrerit ipsum enim eu mi. Nulla id arcu. Fusce ante diam, pretium a, egestas a, rutrum nec, turpis. Etiam massa libero, convallis in, scelerisque sit amet, vulputate ac, lacus. In hac habitasse platea dictumst. Cras magna erat, fringilla sed, ornare sit amet, ornare dapibus, augue. Vestibulum egestas. Mauris luctus rutrum erat. Proin lobortis semper justo. Cum sociis natoque penatibus et magnis dis parturient montes, nascetur ridiculus mus. Morbi hendrerit suscipit neque. Duis faucibus lacinia nisi. Vivamus consectetuer hendrerit risus.\r\n\r\nUt quam. Quisque libero. Nulla viverra. Sed malesuada laoreet tellus. Sed scelerisque. Nunc odio. Curabitur ut felis. Donec non mauris. Etiam tristique egestas magna. Pellentesque orci mauris, ultricies suscipit, lobortis congue, tristique vel, risus. Nullam neque felis, venenatis nec, viverra sit amet, scelerisque eu, ipsum. Nam magna ligula, tincidunt vel, feugiat et, rhoncus eleifend, erat. Ut feugiat arcu quis purus. Cras nonummy. Pellentesque porta imperdiet dui.', 0x31, '2006-02-10 14:44:00');
INSERT INTO `newsitems` (`id`, `category`, `author`, `title`, `body`, `status`, `posted`) VALUES (6, 3, 3, 'A title', 'Lorem ipsum dolor sit amet, consectetuer adipiscing elit. Curabitur sapien metus, hendrerit quis, egestas vel, mollis tempus, risus. Vivamus facilisis quam quis neque. Fusce vitae nulla. Proin fermentum dictum mi. Vestibulum iaculis consectetuer enim. Praesent eu ligula vitae ligula condimentum molestie. Nulla suscipit accumsan lorem. Vivamus faucibus, velit ac malesuada egestas, dolor quam volutpat lorem, eget venenatis lectus libero ut lectus. Morbi at erat ut tortor tincidunt tempus. Integer ut enim. Suspendisse placerat mollis sapien. Pellentesque ut dui ac lectus rutrum mattis. Sed nibh felis, vulputate eu, rhoncus eu, consequat ac, magna.\r\n\r\nQuisque purus eros, accumsan ac, adipiscing eu, ultrices ut, urna. Lorem ipsum dolor sit amet, consectetuer adipiscing elit. Nullam lacinia purus ut metus. Ut ut turpis. Quisque aliquet. Maecenas sollicitudin, mauris quis iaculis rhoncus, lectus elit sagittis nisl, porta varius libero diam sit amet ligula. Curabitur velit metus, mollis vel, eleifend at, aliquet ut, enim. Mauris quis odio. Phasellus mi risus, mattis eu, mollis et, vulputate eget, velit. Nulla lectus. Quisque quis lorem non tortor sodales bibendum. Sed sit amet orci. Duis rutrum convallis elit.\r\n\r\nAenean id felis. Vivamus consectetuer. In auctor rutrum ante. Praesent dictum lectus non turpis. Fusce id ante. Morbi at orci sit amet eros nonummy posuere. Nulla vitae erat nec libero porttitor dapibus. Proin enim. In lorem. Vestibulum porta lectus sed nisi. Vestibulum ante ipsum primis in faucibus orci luctus et ultrices posuere cubilia Curae; Cras dapibus elit eu sapien. Mauris vitae nulla.\\r\\n\\r\\nPellentesque condimentum nisl quis arcu. Phasellus augue leo, luctus sed, adipiscing nec, malesuada eu, magna. Fusce fringilla, orci et egestas ullamcorper, ipsum turpis semper neque, quis hendrerit ipsum enim eu mi. Nulla id arcu. Fusce ante diam, pretium a, egestas a, rutrum nec, turpis. Etiam massa libero, convallis in, scelerisque sit amet, vulputate ac, lacus. In hac habitasse platea dictumst. Cras magna erat, fringilla sed, ornare sit amet, ornare dapibus, augue. Vestibulum egestas. Mauris luctus rutrum erat. Proin lobortis semper justo. Cum sociis natoque penatibus et magnis dis parturient montes, nascetur ridiculus mus. Morbi hendrerit suscipit neque. Duis faucibus lacinia nisi. Vivamus consectetuer hendrerit risus.\r\n\r\nUt quam. Quisque libero. Nulla viverra. Sed malesuada laoreet tellus. Sed scelerisque. Nunc odio. Curabitur ut felis. Donec non mauris. Etiam tristique egestas magna. Pellentesque orci mauris, ultricies suscipit, lobortis congue, tristique vel, risus. Nullam neque felis, venenatis nec, viverra sit amet, scelerisque eu, ipsum. Nam magna ligula, tincidunt vel, feugiat et, rhoncus eleifend, erat. Ut feugiat arcu quis purus. Cras nonummy. Pellentesque porta imperdiet dui.', 0x31, '2006-02-11 14:45:00');
INSERT INTO `newsitems` (`id`, `category`, `author`, `title`, `body`, `status`, `posted`) VALUES (7, 1, 1, 'Title title', 'Lorem ipsum dolor sit amet, consectetuer adipiscing elit. Curabitur sapien metus, hendrerit quis, egestas vel, mollis tempus, risus. Vivamus facilisis quam quis neque. Fusce vitae nulla. Proin fermentum dictum mi. Vestibulum iaculis consectetuer enim. Praesent eu ligula vitae ligula condimentum molestie. Nulla suscipit accumsan lorem. Vivamus faucibus, velit ac malesuada egestas, dolor quam volutpat lorem, eget venenatis lectus libero ut lectus. Morbi at erat ut tortor tincidunt tempus. Integer ut enim. Suspendisse placerat mollis sapien. Pellentesque ut dui ac lectus rutrum mattis. Sed nibh felis, vulputate eu, rhoncus eu, consequat ac, magna.\r\n\r\nQuisque purus eros, accumsan ac, adipiscing eu, ultrices ut, urna. Lorem ipsum dolor sit amet, consectetuer adipiscing elit. Nullam lacinia purus ut metus. Ut ut turpis. Quisque aliquet. Maecenas sollicitudin, mauris quis iaculis rhoncus, lectus elit sagittis nisl, porta varius libero diam sit amet ligula. Curabitur velit metus, mollis vel, eleifend at, aliquet ut, enim. Mauris quis odio. Phasellus mi risus, mattis eu, mollis et, vulputate eget, velit. Nulla lectus. Quisque quis lorem non tortor sodales bibendum. Sed sit amet orci. Duis rutrum convallis elit.\r\n\r\nAenean id felis. Vivamus consectetuer. In auctor rutrum ante. Praesent dictum lectus non turpis. Fusce id ante. Morbi at orci sit amet eros nonummy posuere. Nulla vitae erat nec libero porttitor dapibus. Proin enim. In lorem. Vestibulum porta lectus sed nisi. Vestibulum ante ipsum primis in faucibus orci luctus et ultrices posuere cubilia Curae; Cras dapibus elit eu sapien. Mauris vitae nulla.\\r\\n\\r\\nPellentesque condimentum nisl quis arcu. Phasellus augue leo, luctus sed, adipiscing nec, malesuada eu, magna. Fusce fringilla, orci et egestas ullamcorper, ipsum turpis semper neque, quis hendrerit ipsum enim eu mi. Nulla id arcu. Fusce ante diam, pretium a, egestas a, rutrum nec, turpis. Etiam massa libero, convallis in, scelerisque sit amet, vulputate ac, lacus. In hac habitasse platea dictumst. Cras magna erat, fringilla sed, ornare sit amet, ornare dapibus, augue. Vestibulum egestas. Mauris luctus rutrum erat. Proin lobortis semper justo. Cum sociis natoque penatibus et magnis dis parturient montes, nascetur ridiculus mus. Morbi hendrerit suscipit neque. Duis faucibus lacinia nisi. Vivamus consectetuer hendrerit risus.\r\n\r\nUt quam. Quisque libero. Nulla viverra. Sed malesuada laoreet tellus. Sed scelerisque. Nunc odio. Curabitur ut felis. Donec non mauris. Etiam tristique egestas magna. Pellentesque orci mauris, ultricies suscipit, lobortis congue, tristique vel, risus. Nullam neque felis, venenatis nec, viverra sit amet, scelerisque eu, ipsum. Nam magna ligula, tincidunt vel, feugiat et, rhoncus eleifend, erat. Ut feugiat arcu quis purus. Cras nonummy. Pellentesque porta imperdiet dui.', 0x31, '2006-02-14 13:21:00');
INSERT INTO `newsitems` (`id`, `category`, `author`, `title`, `body`, `status`, `posted`) VALUES (8, 2, 1, 'Special Word count', 'WORD!', 0x31, '2006-02-14 13:21:30');
INSERT INTO `newsitems` (`id`, `category`, `author`, `title`, `body`, `status`, `posted`) VALUES (9, 1, 1, 'Yes Another Title', 'Lorem ipsum dolor sit amet, consectetuer adipiscing elit. Curabitur sapien metus, hendrerit quis, egestas vel, mollis tempus, risus. Vivamus facilisis quam quis neque. Fusce vitae nulla. Proin fermentum dictum mi. Vestibulum iaculis consectetuer enim. Praesent eu ligula vitae ligula condimentum molestie. Nulla suscipit accumsan lorem. Vivamus faucibus, velit ac malesuada egestas, dolor quam volutpat lorem, eget venenatis lectus libero ut lectus. Morbi at erat ut tortor tincidunt tempus. Integer ut enim. Suspendisse placerat mollis sapien. Pellentesque ut dui ac lectus rutrum mattis. Sed nibh felis, vulputate eu, rhoncus eu, consequat ac, magna.\r\n\r\nQuisque purus eros, accumsan ac, adipiscing eu, ultrices ut, urna. Lorem ipsum dolor sit amet, consectetuer adipiscing elit. Nullam lacinia purus ut metus. Ut ut turpis. Quisque aliquet. Maecenas sollicitudin, mauris quis iaculis rhoncus, lectus elit sagittis nisl, porta varius libero diam sit amet ligula. Curabitur velit metus, mollis vel, eleifend at, aliquet ut, enim. Mauris quis odio. Phasellus mi risus, mattis eu, mollis et, vulputate eget, velit. Nulla lectus. Quisque quis lorem non tortor sodales bibendum. Sed sit amet orci. Duis rutrum convallis elit.\r\n\r\nAenean id felis. Vivamus consectetuer. In auctor rutrum ante. Praesent dictum lectus non turpis. Fusce id ante. Morbi at orci sit amet eros nonummy posuere. Nulla vitae erat nec libero porttitor dapibus. Proin enim. In lorem. Vestibulum porta lectus sed nisi. Vestibulum ante ipsum primis in faucibus orci luctus et ultrices posuere cubilia Curae; Cras dapibus elit eu sapien. Mauris vitae nulla.\\r\\n\\r\\nPellentesque condimentum nisl quis arcu. Phasellus augue leo, luctus sed, adipiscing nec, malesuada eu, magna. Fusce fringilla, orci et egestas ullamcorper, ipsum turpis semper neque, quis hendrerit ipsum enim eu mi. Nulla id arcu. Fusce ante diam, pretium a, egestas a, rutrum nec, turpis. Etiam massa libero, convallis in, scelerisque sit amet, vulputate ac, lacus. In hac habitasse platea dictumst. Cras magna erat, fringilla sed, ornare sit amet, ornare dapibus, augue. Vestibulum egestas. Mauris luctus rutrum erat. Proin lobortis semper justo. Cum sociis natoque penatibus et magnis dis parturient montes, nascetur ridiculus mus. Morbi hendrerit suscipit neque. Duis faucibus lacinia nisi. Vivamus consectetuer hendrerit risus.\r\n\r\nUt quam. Quisque libero. Nulla viverra. Sed malesuada laoreet tellus. Sed scelerisque. Nunc odio. Curabitur ut felis. Donec non mauris. Etiam tristique egestas magna. Pellentesque orci mauris, ultricies suscipit, lobortis congue, tristique vel, risus. Nullam neque felis, venenatis nec, viverra sit amet, scelerisque eu, ipsum. Nam magna ligula, tincidunt vel, feugiat et, rhoncus eleifend, erat. Ut feugiat arcu quis purus. Cras nonummy. Pellentesque porta imperdiet dui.', 0x31, '2006-02-14 13:21:40');
INSERT INTO `newsitems` (`id`, `category`, `author`, `title`, `body`, `status`, `posted`) VALUES (10, 2, 2, 'Running out of titles 2', 'Lorem ipsum dolor sit amet, consectetuer adipiscing elit. Curabitur sapien metus, hendrerit quis, egestas vel, mollis tempus, risus. Vivamus facilisis quam quis neque. Fusce vitae nulla. Proin fermentum dictum mi. Vestibulum iaculis consectetuer enim. Praesent eu ligula vitae ligula condimentum molestie. Nulla suscipit accumsan lorem. Vivamus faucibus, velit ac malesuada egestas, dolor quam volutpat lorem, eget venenatis lectus libero ut lectus. Morbi at erat ut tortor tincidunt tempus. Integer ut enim. Suspendisse placerat mollis sapien. Pellentesque ut dui ac lectus rutrum mattis. Sed nibh felis, vulputate eu, rhoncus eu, consequat ac, magna.\r\n\r\nQuisque purus eros, accumsan ac, adipiscing eu, ultrices ut, urna. Lorem ipsum dolor sit amet, consectetuer adipiscing elit. Nullam lacinia purus ut metus. Ut ut turpis. Quisque aliquet. Maecenas sollicitudin, mauris quis iaculis rhoncus, lectus elit sagittis nisl, porta varius libero diam sit amet ligula. Curabitur velit metus, mollis vel, eleifend at, aliquet ut, enim. Mauris quis odio. Phasellus mi risus, mattis eu, mollis et, vulputate eget, velit. Nulla lectus. Quisque quis lorem non tortor sodales bibendum. Sed sit amet orci. Duis rutrum convallis elit.\r\n\r\nAenean id felis. Vivamus consectetuer. In auctor rutrum ante. Praesent dictum lectus non turpis. Fusce id ante. Morbi at orci sit amet eros nonummy posuere. Nulla vitae erat nec libero porttitor dapibus. Proin enim. In lorem. Vestibulum porta lectus sed nisi. Vestibulum ante ipsum primis in faucibus orci luctus et ultrices posuere cubilia Curae; Cras dapibus elit eu sapien. Mauris vitae nulla.\\r\\n\\r\\nPellentesque condimentum nisl quis arcu. Phasellus augue leo, luctus sed, adipiscing nec, malesuada eu, magna. Fusce fringilla, orci et egestas ullamcorper, ipsum turpis semper neque, quis hendrerit ipsum enim eu mi. Nulla id arcu. Fusce ante diam, pretium a, egestas a, rutrum nec, turpis. Etiam massa libero, convallis in, scelerisque sit amet, vulputate ac, lacus. In hac habitasse platea dictumst. Cras magna erat, fringilla sed, ornare sit amet, ornare dapibus, augue. Vestibulum egestas. Mauris luctus rutrum erat. Proin lobortis semper justo. Cum sociis natoque penatibus et magnis dis parturient montes, nascetur ridiculus mus. Morbi hendrerit suscipit neque. Duis faucibus lacinia nisi. Vivamus consectetuer hendrerit risus.\r\n\r\nUt quam. Quisque libero. Nulla viverra. Sed malesuada laoreet tellus. Sed scelerisque. Nunc odio. Curabitur ut felis. Donec non mauris. Etiam tristique egestas magna. Pellentesque orci mauris, ultricies suscipit, lobortis congue, tristique vel, risus. Nullam neque felis, venenatis nec, viverra sit amet, scelerisque eu, ipsum. Nam magna ligula, tincidunt vel, feugiat et, rhoncus eleifend, erat. Ut feugiat arcu quis purus. Cras nonummy. Pellentesque porta imperdiet dui.', 0x31, '2006-02-14 13:22:00');
INSERT INTO `newsitems` (`id`, `category`, `author`, `title`, `body`, `status`, `posted`) VALUES (11, 1, 1, 'My mth title', 'Lorem ipsum dolor sit amet, consectetuer adipiscing elit. Curabitur sapien metus, hendrerit quis, egestas vel, mollis tempus, risus. Vivamus facilisis quam quis neque. Fusce vitae nulla. Proin fermentum dictum mi. Vestibulum iaculis consectetuer enim. Praesent eu ligula vitae ligula condimentum molestie. Nulla suscipit accumsan lorem. Vivamus faucibus, velit ac malesuada egestas, dolor quam volutpat lorem, eget venenatis lectus libero ut lectus. Morbi at erat ut tortor tincidunt tempus. Integer ut enim. Suspendisse placerat mollis sapien. Pellentesque ut dui ac lectus rutrum mattis. Sed nibh felis, vulputate eu, rhoncus eu, consequat ac, magna.\r\n\r\nQuisque purus eros, accumsan ac, adipiscing eu, ultrices ut, urna. Lorem ipsum dolor sit amet, consectetuer adipiscing elit. Nullam lacinia purus ut metus. Ut ut turpis. Quisque aliquet. Maecenas sollicitudin, mauris quis iaculis rhoncus, lectus elit sagittis nisl, porta varius libero diam sit amet ligula. Curabitur velit metus, mollis vel, eleifend at, aliquet ut, enim. Mauris quis odio. Phasellus mi risus, mattis eu, mollis et, vulputate eget, velit. Nulla lectus. Quisque quis lorem non tortor sodales bibendum. Sed sit amet orci. Duis rutrum convallis elit.\r\n\r\nAenean id felis. Vivamus consectetuer. In auctor rutrum ante. Praesent dictum lectus non turpis. Fusce id ante. Morbi at orci sit amet eros nonummy posuere. Nulla vitae erat nec libero porttitor dapibus. Proin enim. In lorem. Vestibulum porta lectus sed nisi. Vestibulum ante ipsum primis in faucibus orci luctus et ultrices posuere cubilia Curae; Cras dapibus elit eu sapien. Mauris vitae nulla.\\r\\n\\r\\nPellentesque condimentum nisl quis arcu. Phasellus augue leo, luctus sed, adipiscing nec, malesuada eu, magna. Fusce fringilla, orci et egestas ullamcorper, ipsum turpis semper neque, quis hendrerit ipsum enim eu mi. Nulla id arcu. Fusce ante diam, pretium a, egestas a, rutrum nec, turpis. Etiam massa libero, convallis in, scelerisque sit amet, vulputate ac, lacus. In hac habitasse platea dictumst. Cras magna erat, fringilla sed, ornare sit amet, ornare dapibus, augue. Vestibulum egestas. Mauris luctus rutrum erat. Proin lobortis semper justo. Cum sociis natoque penatibus et magnis dis parturient montes, nascetur ridiculus mus. Morbi hendrerit suscipit neque. Duis faucibus lacinia nisi. Vivamus consectetuer hendrerit risus.\r\n\r\nUt quam. Quisque libero. Nulla viverra. Sed malesuada laoreet tellus. Sed scelerisque. Nunc odio. Curabitur ut felis. Donec non mauris. Etiam tristique egestas magna. Pellentesque orci mauris, ultricies suscipit, lobortis congue, tristique vel, risus. Nullam neque felis, venenatis nec, viverra sit amet, scelerisque eu, ipsum. Nam magna ligula, tincidunt vel, feugiat et, rhoncus eleifend, erat. Ut feugiat arcu quis purus. Cras nonummy. Pellentesque porta imperdiet dui.', 0x31, '2006-02-15 14:39:00');
INSERT INTO `newsitems` (`id`, `category`, `author`, `title`, `body`, `status`, `posted`) VALUES (12, 3, 3, 'anotherStupid title', 'Lorem ipsum dolor sit amet, consectetuer adipiscing elit. Curabitur sapien metus, hendrerit quis, egestas vel, mollis tempus, risus. Vivamus facilisis quam quis neque. Fusce vitae nulla. Proin fermentum dictum mi. Vestibulum iaculis consectetuer enim. Praesent eu ligula vitae ligula condimentum molestie. Nulla suscipit accumsan lorem. Vivamus faucibus, velit ac malesuada egestas, dolor quam volutpat lorem, eget venenatis lectus libero ut lectus. Morbi at erat ut tortor tincidunt tempus. Integer ut enim. Suspendisse placerat mollis sapien. Pellentesque ut dui ac lectus rutrum mattis. Sed nibh felis, vulputate eu, rhoncus eu, consequat ac, magna.\r\n\r\nQuisque purus eros, accumsan ac, adipiscing eu, ultrices ut, urna. Lorem ipsum dolor sit amet, consectetuer adipiscing elit. Nullam lacinia purus ut metus. Ut ut turpis. Quisque aliquet. Maecenas sollicitudin, mauris quis iaculis rhoncus, lectus elit sagittis nisl, porta varius libero diam sit amet ligula. Curabitur velit metus, mollis vel, eleifend at, aliquet ut, enim. Mauris quis odio. Phasellus mi risus, mattis eu, mollis et, vulputate eget, velit. Nulla lectus. Quisque quis lorem non tortor sodales bibendum. Sed sit amet orci. Duis rutrum convallis elit.\r\n\r\nAenean id felis. Vivamus consectetuer. In auctor rutrum ante. Praesent dictum lectus non turpis. Fusce id ante. Morbi at orci sit amet eros nonummy posuere. Nulla vitae erat nec libero porttitor dapibus. Proin enim. In lorem. Vestibulum porta lectus sed nisi. Vestibulum ante ipsum primis in faucibus orci luctus et ultrices posuere cubilia Curae; Cras dapibus elit eu sapien. Mauris vitae nulla.\\r\\n\\r\\nPellentesque condimentum nisl quis arcu. Phasellus augue leo, luctus sed, adipiscing nec, malesuada eu, magna. Fusce fringilla, orci et egestas ullamcorper, ipsum turpis semper neque, quis hendrerit ipsum enim eu mi. Nulla id arcu. Fusce ante diam, pretium a, egestas a, rutrum nec, turpis. Etiam massa libero, convallis in, scelerisque sit amet, vulputate ac, lacus. In hac habitasse platea dictumst. Cras magna erat, fringilla sed, ornare sit amet, ornare dapibus, augue. Vestibulum egestas. Mauris luctus rutrum erat. Proin lobortis semper justo. Cum sociis natoque penatibus et magnis dis parturient montes, nascetur ridiculus mus. Morbi hendrerit suscipit neque. Duis faucibus lacinia nisi. Vivamus consectetuer hendrerit risus.\r\n\r\nUt quam. Quisque libero. Nulla viverra. Sed malesuada laoreet tellus. Sed scelerisque. Nunc odio. Curabitur ut felis. Donec non mauris. Etiam tristique egestas magna. Pellentesque orci mauris, ultricies suscipit, lobortis congue, tristique vel, risus. Nullam neque felis, venenatis nec, viverra sit amet, scelerisque eu, ipsum. Nam magna ligula, tincidunt vel, feugiat et, rhoncus eleifend, erat. Ut feugiat arcu quis purus. Cras nonummy. Pellentesque porta imperdiet dui.', 0x31, '2006-02-16 14:44:00');
INSERT INTO `newsitems` (`id`, `category`, `author`, `title`, `body`, `status`, `posted`) VALUES (13, 1, 2, 'A boring title', 'Lorem ipsum dolor sit amet, consectetuer adipiscing elit. Curabitur sapien metus, hendrerit quis, egestas vel, mollis tempus, risus. Vivamus facilisis quam quis neque. Fusce vitae nulla. Proin fermentum dictum mi. Vestibulum iaculis consectetuer enim. Praesent eu ligula vitae ligula condimentum molestie. Nulla suscipit accumsan lorem. Vivamus faucibus, velit ac malesuada egestas, dolor quam volutpat lorem, eget venenatis lectus libero ut lectus. Morbi at erat ut tortor tincidunt tempus. Integer ut enim. Suspendisse placerat mollis sapien. Pellentesque ut dui ac lectus rutrum mattis. Sed nibh felis, vulputate eu, rhoncus eu, consequat ac, magna.\r\n\r\nQuisque purus eros, accumsan ac, adipiscing eu, ultrices ut, urna. Lorem ipsum dolor sit amet, consectetuer adipiscing elit. Nullam lacinia purus ut metus. Ut ut turpis. Quisque aliquet. Maecenas sollicitudin, mauris quis iaculis rhoncus, lectus elit sagittis nisl, porta varius libero diam sit amet ligula. Curabitur velit metus, mollis vel, eleifend at, aliquet ut, enim. Mauris quis odio. Phasellus mi risus, mattis eu, mollis et, vulputate eget, velit. Nulla lectus. Quisque quis lorem non tortor sodales bibendum. Sed sit amet orci. Duis rutrum convallis elit.\r\n\r\nAenean id felis. Vivamus consectetuer. In auctor rutrum ante. Praesent dictum lectus non turpis. Fusce id ante. Morbi at orci sit amet eros nonummy posuere. Nulla vitae erat nec libero porttitor dapibus. Proin enim. In lorem. Vestibulum porta lectus sed nisi. Vestibulum ante ipsum primis in faucibus orci luctus et ultrices posuere cubilia Curae; Cras dapibus elit eu sapien. Mauris vitae nulla.\\r\\n\\r\\nPellentesque condimentum nisl quis arcu. Phasellus augue leo, luctus sed, adipiscing nec, malesuada eu, magna. Fusce fringilla, orci et egestas ullamcorper, ipsum turpis semper neque, quis hendrerit ipsum enim eu mi. Nulla id arcu. Fusce ante diam, pretium a, egestas a, rutrum nec, turpis. Etiam massa libero, convallis in, scelerisque sit amet, vulputate ac, lacus. In hac habitasse platea dictumst. Cras magna erat, fringilla sed, ornare sit amet, ornare dapibus, augue. Vestibulum egestas. Mauris luctus rutrum erat. Proin lobortis semper justo. Cum sociis natoque penatibus et magnis dis parturient montes, nascetur ridiculus mus. Morbi hendrerit suscipit neque. Duis faucibus lacinia nisi. Vivamus consectetuer hendrerit risus.\r\n\r\nUt quam. Quisque libero. Nulla viverra. Sed malesuada laoreet tellus. Sed scelerisque. Nunc odio. Curabitur ut felis. Donec non mauris. Etiam tristique egestas magna. Pellentesque orci mauris, ultricies suscipit, lobortis congue, tristique vel, risus. Nullam neque felis, venenatis nec, viverra sit amet, scelerisque eu, ipsum. Nam magna ligula, tincidunt vel, feugiat et, rhoncus eleifend, erat. Ut feugiat arcu quis purus. Cras nonummy. Pellentesque porta imperdiet dui.', 0x31, '2006-02-17 14:45:00');
INSERT INTO `newsitems` (`id`, `category`, `author`, `title`, `body`, `status`, `posted`) VALUES (14, 1, 1, 'Plaza Plaza', 'Lorem ipsum dolor sit amet, consectetuer adipiscing elit. Curabitur sapien metus, hendrerit quis, egestas vel, mollis tempus, risus. Vivamus facilisis quam quis neque. Fusce vitae nulla. Proin fermentum dictum mi. Vestibulum iaculis consectetuer enim. Praesent eu ligula vitae ligula condimentum molestie. Nulla suscipit accumsan lorem. Vivamus faucibus, velit ac malesuada egestas, dolor quam volutpat lorem, eget venenatis lectus libero ut lectus. Morbi at erat ut tortor tincidunt tempus. Integer ut enim. Suspendisse placerat mollis sapien. Pellentesque ut dui ac lectus rutrum mattis. Sed nibh felis, vulputate eu, rhoncus eu, consequat ac, magna.\r\n\r\nQuisque purus eros, accumsan ac, adipiscing eu, ultrices ut, urna. Lorem ipsum dolor sit amet, consectetuer adipiscing elit. Nullam lacinia purus ut metus. Ut ut turpis. Quisque aliquet. Maecenas sollicitudin, mauris quis iaculis rhoncus, lectus elit sagittis nisl, porta varius libero diam sit amet ligula. Curabitur velit metus, mollis vel, eleifend at, aliquet ut, enim. Mauris quis odio. Phasellus mi risus, mattis eu, mollis et, vulputate eget, velit. Nulla lectus. Quisque quis lorem non tortor sodales bibendum. Sed sit amet orci. Duis rutrum convallis elit.\r\n\r\nAenean id felis. Vivamus consectetuer. In auctor rutrum ante. Praesent dictum lectus non turpis. Fusce id ante. Morbi at orci sit amet eros nonummy posuere. Nulla vitae erat nec libero porttitor dapibus. Proin enim. In lorem. Vestibulum porta lectus sed nisi. Vestibulum ante ipsum primis in faucibus orci luctus et ultrices posuere cubilia Curae; Cras dapibus elit eu sapien. Mauris vitae nulla.\\r\\n\\r\\nPellentesque condimentum nisl quis arcu. Phasellus augue leo, luctus sed, adipiscing nec, malesuada eu, magna. Fusce fringilla, orci et egestas ullamcorper, ipsum turpis semper neque, quis hendrerit ipsum enim eu mi. Nulla id arcu. Fusce ante diam, pretium a, egestas a, rutrum nec, turpis. Etiam massa libero, convallis in, scelerisque sit amet, vulputate ac, lacus. In hac habitasse platea dictumst. Cras magna erat, fringilla sed, ornare sit amet, ornare dapibus, augue. Vestibulum egestas. Mauris luctus rutrum erat. Proin lobortis semper justo. Cum sociis natoque penatibus et magnis dis parturient montes, nascetur ridiculus mus. Morbi hendrerit suscipit neque. Duis faucibus lacinia nisi. Vivamus consectetuer hendrerit risus.\r\n\r\nUt quam. Quisque libero. Nulla viverra. Sed malesuada laoreet tellus. Sed scelerisque. Nunc odio. Curabitur ut felis. Donec non mauris. Etiam tristique egestas magna. Pellentesque orci mauris, ultricies suscipit, lobortis congue, tristique vel, risus. Nullam neque felis, venenatis nec, viverra sit amet, scelerisque eu, ipsum. Nam magna ligula, tincidunt vel, feugiat et, rhoncus eleifend, erat. Ut feugiat arcu quis purus. Cras nonummy. Pellentesque porta imperdiet dui.', 0x31, '2006-02-18 14:45:00');
INSERT INTO `newsitems` (`id`, `category`, `author`, `title`, `body`, `status`, `posted`) VALUES (15, 2, 1, 'Special Word count', 'WORD!', 0x31, '2006-03-01 11:04:00');
INSERT INTO `newsitems` (`id`, `category`, `author`, `title`, `body`, `status`, `posted`) VALUES (16, 1, 1, 'Yes Another Title', 'Lorem ipsum dolor sit amet, consectetuer adipiscing elit. Curabitur sapien metus, hendrerit quis, egestas vel, mollis tempus, risus. Vivamus facilisis quam quis neque. Fusce vitae nulla. Proin fermentum dictum mi. Vestibulum iaculis consectetuer enim. Praesent eu ligula vitae ligula condimentum molestie. Nulla suscipit accumsan lorem. Vivamus faucibus, velit ac malesuada egestas, dolor quam volutpat lorem, eget venenatis lectus libero ut lectus. Morbi at erat ut tortor tincidunt tempus. Integer ut enim. Suspendisse placerat mollis sapien. Pellentesque ut dui ac lectus rutrum mattis. Sed nibh felis, vulputate eu, rhoncus eu, consequat ac, magna.\r\n\r\nQuisque purus eros, accumsan ac, adipiscing eu, ultrices ut, urna. Lorem ipsum dolor sit amet, consectetuer adipiscing elit. Nullam lacinia purus ut metus. Ut ut turpis. Quisque aliquet. Maecenas sollicitudin, mauris quis iaculis rhoncus, lectus elit sagittis nisl, porta varius libero diam sit amet ligula. Curabitur velit metus, mollis vel, eleifend at, aliquet ut, enim. Mauris quis odio. Phasellus mi risus, mattis eu, mollis et, vulputate eget, velit. Nulla lectus. Quisque quis lorem non tortor sodales bibendum. Sed sit amet orci. Duis rutrum convallis elit.\r\n\r\nAenean id felis. Vivamus consectetuer. In auctor rutrum ante. Praesent dictum lectus non turpis. Fusce id ante. Morbi at orci sit amet eros nonummy posuere. Nulla vitae erat nec libero porttitor dapibus. Proin enim. In lorem. Vestibulum porta lectus sed nisi. Vestibulum ante ipsum primis in faucibus orci luctus et ultrices posuere cubilia Curae; Cras dapibus elit eu sapien. Mauris vitae nulla.\\r\\n\\r\\nPellentesque condimentum nisl quis arcu. Phasellus augue leo, luctus sed, adipiscing nec, malesuada eu, magna. Fusce fringilla, orci et egestas ullamcorper, ipsum turpis semper neque, quis hendrerit ipsum enim eu mi. Nulla id arcu. Fusce ante diam, pretium a, egestas a, rutrum nec, turpis. Etiam massa libero, convallis in, scelerisque sit amet, vulputate ac, lacus. In hac habitasse platea dictumst. Cras magna erat, fringilla sed, ornare sit amet, ornare dapibus, augue. Vestibulum egestas. Mauris luctus rutrum erat. Proin lobortis semper justo. Cum sociis natoque penatibus et magnis dis parturient montes, nascetur ridiculus mus. Morbi hendrerit suscipit neque. Duis faucibus lacinia nisi. Vivamus consectetuer hendrerit risus.\r\n\r\nUt quam. Quisque libero. Nulla viverra. Sed malesuada laoreet tellus. Sed scelerisque. Nunc odio. Curabitur ut felis. Donec non mauris. Etiam tristique egestas magna. Pellentesque orci mauris, ultricies suscipit, lobortis congue, tristique vel, risus. Nullam neque felis, venenatis nec, viverra sit amet, scelerisque eu, ipsum. Nam magna ligula, tincidunt vel, feugiat et, rhoncus eleifend, erat. Ut feugiat arcu quis purus. Cras nonummy. Pellentesque porta imperdiet dui.', 0x31, '2006-03-02 10:00:00');
INSERT INTO `newsitems` (`id`, `category`, `author`, `title`, `body`, `status`, `posted`) VALUES (17, 2, 2, 'Running out of titles 2', 'Lorem ipsum dolor sit amet, consectetuer adipiscing elit. Curabitur sapien metus, hendrerit quis, egestas vel, mollis tempus, risus. Vivamus facilisis quam quis neque. Fusce vitae nulla. Proin fermentum dictum mi. Vestibulum iaculis consectetuer enim. Praesent eu ligula vitae ligula condimentum molestie. Nulla suscipit accumsan lorem. Vivamus faucibus, velit ac malesuada egestas, dolor quam volutpat lorem, eget venenatis lectus libero ut lectus. Morbi at erat ut tortor tincidunt tempus. Integer ut enim. Suspendisse placerat mollis sapien. Pellentesque ut dui ac lectus rutrum mattis. Sed nibh felis, vulputate eu, rhoncus eu, consequat ac, magna.\r\n\r\nQuisque purus eros, accumsan ac, adipiscing eu, ultrices ut, urna. Lorem ipsum dolor sit amet, consectetuer adipiscing elit. Nullam lacinia purus ut metus. Ut ut turpis. Quisque aliquet. Maecenas sollicitudin, mauris quis iaculis rhoncus, lectus elit sagittis nisl, porta varius libero diam sit amet ligula. Curabitur velit metus, mollis vel, eleifend at, aliquet ut, enim. Mauris quis odio. Phasellus mi risus, mattis eu, mollis et, vulputate eget, velit. Nulla lectus. Quisque quis lorem non tortor sodales bibendum. Sed sit amet orci. Duis rutrum convallis elit.\r\n\r\nAenean id felis. Vivamus consectetuer. In auctor rutrum ante. Praesent dictum lectus non turpis. Fusce id ante. Morbi at orci sit amet eros nonummy posuere. Nulla vitae erat nec libero porttitor dapibus. Proin enim. In lorem. Vestibulum porta lectus sed nisi. Vestibulum ante ipsum primis in faucibus orci luctus et ultrices posuere cubilia Curae; Cras dapibus elit eu sapien. Mauris vitae nulla.\\r\\n\\r\\nPellentesque condimentum nisl quis arcu. Phasellus augue leo, luctus sed, adipiscing nec, malesuada eu, magna. Fusce fringilla, orci et egestas ullamcorper, ipsum turpis semper neque, quis hendrerit ipsum enim eu mi. Nulla id arcu. Fusce ante diam, pretium a, egestas a, rutrum nec, turpis. Etiam massa libero, convallis in, scelerisque sit amet, vulputate ac, lacus. In hac habitasse platea dictumst. Cras magna erat, fringilla sed, ornare sit amet, ornare dapibus, augue. Vestibulum egestas. Mauris luctus rutrum erat. Proin lobortis semper justo. Cum sociis natoque penatibus et magnis dis parturient montes, nascetur ridiculus mus. Morbi hendrerit suscipit neque. Duis faucibus lacinia nisi. Vivamus consectetuer hendrerit risus.\r\n\r\nUt quam. Quisque libero. Nulla viverra. Sed malesuada laoreet tellus. Sed scelerisque. Nunc odio. Curabitur ut felis. Donec non mauris. Etiam tristique egestas magna. Pellentesque orci mauris, ultricies suscipit, lobortis congue, tristique vel, risus. Nullam neque felis, venenatis nec, viverra sit amet, scelerisque eu, ipsum. Nam magna ligula, tincidunt vel, feugiat et, rhoncus eleifend, erat. Ut feugiat arcu quis purus. Cras nonummy. Pellentesque porta imperdiet dui.', 0x31, '2006-03-03 13:22:00');
INSERT INTO `newsitems` (`id`, `category`, `author`, `title`, `body`, `status`, `posted`) VALUES (18, 1, 1, 'My mth title', 'Lorem ipsum dolor sit amet, consectetuer adipiscing elit. Curabitur sapien metus, hendrerit quis, egestas vel, mollis tempus, risus. Vivamus facilisis quam quis neque. Fusce vitae nulla. Proin fermentum dictum mi. Vestibulum iaculis consectetuer enim. Praesent eu ligula vitae ligula condimentum molestie. Nulla suscipit accumsan lorem. Vivamus faucibus, velit ac malesuada egestas, dolor quam volutpat lorem, eget venenatis lectus libero ut lectus. Morbi at erat ut tortor tincidunt tempus. Integer ut enim. Suspendisse placerat mollis sapien. Pellentesque ut dui ac lectus rutrum mattis. Sed nibh felis, vulputate eu, rhoncus eu, consequat ac, magna.\r\n\r\nQuisque purus eros, accumsan ac, adipiscing eu, ultrices ut, urna. Lorem ipsum dolor sit amet, consectetuer adipiscing elit. Nullam lacinia purus ut metus. Ut ut turpis. Quisque aliquet. Maecenas sollicitudin, mauris quis iaculis rhoncus, lectus elit sagittis nisl, porta varius libero diam sit amet ligula. Curabitur velit metus, mollis vel, eleifend at, aliquet ut, enim. Mauris quis odio. Phasellus mi risus, mattis eu, mollis et, vulputate eget, velit. Nulla lectus. Quisque quis lorem non tortor sodales bibendum. Sed sit amet orci. Duis rutrum convallis elit.\r\n\r\nAenean id felis. Vivamus consectetuer. In auctor rutrum ante. Praesent dictum lectus non turpis. Fusce id ante. Morbi at orci sit amet eros nonummy posuere. Nulla vitae erat nec libero porttitor dapibus. Proin enim. In lorem. Vestibulum porta lectus sed nisi. Vestibulum ante ipsum primis in faucibus orci luctus et ultrices posuere cubilia Curae; Cras dapibus elit eu sapien. Mauris vitae nulla.\\r\\n\\r\\nPellentesque condimentum nisl quis arcu. Phasellus augue leo, luctus sed, adipiscing nec, malesuada eu, magna. Fusce fringilla, orci et egestas ullamcorper, ipsum turpis semper neque, quis hendrerit ipsum enim eu mi. Nulla id arcu. Fusce ante diam, pretium a, egestas a, rutrum nec, turpis. Etiam massa libero, convallis in, scelerisque sit amet, vulputate ac, lacus. In hac habitasse platea dictumst. Cras magna erat, fringilla sed, ornare sit amet, ornare dapibus, augue. Vestibulum egestas. Mauris luctus rutrum erat. Proin lobortis semper justo. Cum sociis natoque penatibus et magnis dis parturient montes, nascetur ridiculus mus. Morbi hendrerit suscipit neque. Duis faucibus lacinia nisi. Vivamus consectetuer hendrerit risus.\r\n\r\nUt quam. Quisque libero. Nulla viverra. Sed malesuada laoreet tellus. Sed scelerisque. Nunc odio. Curabitur ut felis. Donec non mauris. Etiam tristique egestas magna. Pellentesque orci mauris, ultricies suscipit, lobortis congue, tristique vel, risus. Nullam neque felis, venenatis nec, viverra sit amet, scelerisque eu, ipsum. Nam magna ligula, tincidunt vel, feugiat et, rhoncus eleifend, erat. Ut feugiat arcu quis purus. Cras nonummy. Pellentesque porta imperdiet dui.', 0x31, '2006-03-03 14:39:00');
INSERT INTO `newsitems` (`id`, `category`, `author`, `title`, `body`, `status`, `posted`) VALUES (19, 3, 3, 'anotherStupid title', 'Lorem ipsum dolor sit amet, consectetuer adipiscing elit. Curabitur sapien metus, hendrerit quis, egestas vel, mollis tempus, risus. Vivamus facilisis quam quis neque. Fusce vitae nulla. Proin fermentum dictum mi. Vestibulum iaculis consectetuer enim. Praesent eu ligula vitae ligula condimentum molestie. Nulla suscipit accumsan lorem. Vivamus faucibus, velit ac malesuada egestas, dolor quam volutpat lorem, eget venenatis lectus libero ut lectus. Morbi at erat ut tortor tincidunt tempus. Integer ut enim. Suspendisse placerat mollis sapien. Pellentesque ut dui ac lectus rutrum mattis. Sed nibh felis, vulputate eu, rhoncus eu, consequat ac, magna.\r\n\r\nQuisque purus eros, accumsan ac, adipiscing eu, ultrices ut, urna. Lorem ipsum dolor sit amet, consectetuer adipiscing elit. Nullam lacinia purus ut metus. Ut ut turpis. Quisque aliquet. Maecenas sollicitudin, mauris quis iaculis rhoncus, lectus elit sagittis nisl, porta varius libero diam sit amet ligula. Curabitur velit metus, mollis vel, eleifend at, aliquet ut, enim. Mauris quis odio. Phasellus mi risus, mattis eu, mollis et, vulputate eget, velit. Nulla lectus. Quisque quis lorem non tortor sodales bibendum. Sed sit amet orci. Duis rutrum convallis elit.\r\n\r\nAenean id felis. Vivamus consectetuer. In auctor rutrum ante. Praesent dictum lectus non turpis. Fusce id ante. Morbi at orci sit amet eros nonummy posuere. Nulla vitae erat nec libero porttitor dapibus. Proin enim. In lorem. Vestibulum porta lectus sed nisi. Vestibulum ante ipsum primis in faucibus orci luctus et ultrices posuere cubilia Curae; Cras dapibus elit eu sapien. Mauris vitae nulla.\\r\\n\\r\\nPellentesque condimentum nisl quis arcu. Phasellus augue leo, luctus sed, adipiscing nec, malesuada eu, magna. Fusce fringilla, orci et egestas ullamcorper, ipsum turpis semper neque, quis hendrerit ipsum enim eu mi. Nulla id arcu. Fusce ante diam, pretium a, egestas a, rutrum nec, turpis. Etiam massa libero, convallis in, scelerisque sit amet, vulputate ac, lacus. In hac habitasse platea dictumst. Cras magna erat, fringilla sed, ornare sit amet, ornare dapibus, augue. Vestibulum egestas. Mauris luctus rutrum erat. Proin lobortis semper justo. Cum sociis natoque penatibus et magnis dis parturient montes, nascetur ridiculus mus. Morbi hendrerit suscipit neque. Duis faucibus lacinia nisi. Vivamus consectetuer hendrerit risus.\r\n\r\nUt quam. Quisque libero. Nulla viverra. Sed malesuada laoreet tellus. Sed scelerisque. Nunc odio. Curabitur ut felis. Donec non mauris. Etiam tristique egestas magna. Pellentesque orci mauris, ultricies suscipit, lobortis congue, tristique vel, risus. Nullam neque felis, venenatis nec, viverra sit amet, scelerisque eu, ipsum. Nam magna ligula, tincidunt vel, feugiat et, rhoncus eleifend, erat. Ut feugiat arcu quis purus. Cras nonummy. Pellentesque porta imperdiet dui.', 0x31, '2006-03-04 14:44:00');
INSERT INTO `newsitems` (`id`, `category`, `author`, `title`, `body`, `status`, `posted`) VALUES (20, 1, 2, 'A boring title', 'Lorem ipsum dolor sit amet, consectetuer adipiscing elit. Curabitur sapien metus, hendrerit quis, egestas vel, mollis tempus, risus. Vivamus facilisis quam quis neque. Fusce vitae nulla. Proin fermentum dictum mi. Vestibulum iaculis consectetuer enim. Praesent eu ligula vitae ligula condimentum molestie. Nulla suscipit accumsan lorem. Vivamus faucibus, velit ac malesuada egestas, dolor quam volutpat lorem, eget venenatis lectus libero ut lectus. Morbi at erat ut tortor tincidunt tempus. Integer ut enim. Suspendisse placerat mollis sapien. Pellentesque ut dui ac lectus rutrum mattis. Sed nibh felis, vulputate eu, rhoncus eu, consequat ac, magna.\r\n\r\nQuisque purus eros, accumsan ac, adipiscing eu, ultrices ut, urna. Lorem ipsum dolor sit amet, consectetuer adipiscing elit. Nullam lacinia purus ut metus. Ut ut turpis. Quisque aliquet. Maecenas sollicitudin, mauris quis iaculis rhoncus, lectus elit sagittis nisl, porta varius libero diam sit amet ligula. Curabitur velit metus, mollis vel, eleifend at, aliquet ut, enim. Mauris quis odio. Phasellus mi risus, mattis eu, mollis et, vulputate eget, velit. Nulla lectus. Quisque quis lorem non tortor sodales bibendum. Sed sit amet orci. Duis rutrum convallis elit.\r\n\r\nAenean id felis. Vivamus consectetuer. In auctor rutrum ante. Praesent dictum lectus non turpis. Fusce id ante. Morbi at orci sit amet eros nonummy posuere. Nulla vitae erat nec libero porttitor dapibus. Proin enim. In lorem. Vestibulum porta lectus sed nisi. Vestibulum ante ipsum primis in faucibus orci luctus et ultrices posuere cubilia Curae; Cras dapibus elit eu sapien. Mauris vitae nulla.\\r\\n\\r\\nPellentesque condimentum nisl quis arcu. Phasellus augue leo, luctus sed, adipiscing nec, malesuada eu, magna. Fusce fringilla, orci et egestas ullamcorper, ipsum turpis semper neque, quis hendrerit ipsum enim eu mi. Nulla id arcu. Fusce ante diam, pretium a, egestas a, rutrum nec, turpis. Etiam massa libero, convallis in, scelerisque sit amet, vulputate ac, lacus. In hac habitasse platea dictumst. Cras magna erat, fringilla sed, ornare sit amet, ornare dapibus, augue. Vestibulum egestas. Mauris luctus rutrum erat. Proin lobortis semper justo. Cum sociis natoque penatibus et magnis dis parturient montes, nascetur ridiculus mus. Morbi hendrerit suscipit neque. Duis faucibus lacinia nisi. Vivamus consectetuer hendrerit risus.\r\n\r\nUt quam. Quisque libero. Nulla viverra. Sed malesuada laoreet tellus. Sed scelerisque. Nunc odio. Curabitur ut felis. Donec non mauris. Etiam tristique egestas magna. Pellentesque orci mauris, ultricies suscipit, lobortis congue, tristique vel, risus. Nullam neque felis, venenatis nec, viverra sit amet, scelerisque eu, ipsum. Nam magna ligula, tincidunt vel, feugiat et, rhoncus eleifend, erat. Ut feugiat arcu quis purus. Cras nonummy. Pellentesque porta imperdiet dui.', 0x31, '2006-03-05 14:45:00');
INSERT INTO `newsitems` (`id`, `category`, `author`, `title`, `body`, `status`, `posted`) VALUES (21, 1, 1, 'Plaza Plaza', 'Lorem ipsum dolor sit amet, consectetuer adipiscing elit. Curabitur sapien metus, hendrerit quis, egestas vel, mollis tempus, risus. Vivamus facilisis quam quis neque. Fusce vitae nulla. Proin fermentum dictum mi. Vestibulum iaculis consectetuer enim. Praesent eu ligula vitae ligula condimentum molestie. Nulla suscipit accumsan lorem. Vivamus faucibus, velit ac malesuada egestas, dolor quam volutpat lorem, eget venenatis lectus libero ut lectus. Morbi at erat ut tortor tincidunt tempus. Integer ut enim. Suspendisse placerat mollis sapien. Pellentesque ut dui ac lectus rutrum mattis. Sed nibh felis, vulputate eu, rhoncus eu, consequat ac, magna.\r\n\r\nQuisque purus eros, accumsan ac, adipiscing eu, ultrices ut, urna. Lorem ipsum dolor sit amet, consectetuer adipiscing elit. Nullam lacinia purus ut metus. Ut ut turpis. Quisque aliquet. Maecenas sollicitudin, mauris quis iaculis rhoncus, lectus elit sagittis nisl, porta varius libero diam sit amet ligula. Curabitur velit metus, mollis vel, eleifend at, aliquet ut, enim. Mauris quis odio. Phasellus mi risus, mattis eu, mollis et, vulputate eget, velit. Nulla lectus. Quisque quis lorem non tortor sodales bibendum. Sed sit amet orci. Duis rutrum convallis elit.\r\n\r\nAenean id felis. Vivamus consectetuer. In auctor rutrum ante. Praesent dictum lectus non turpis. Fusce id ante. Morbi at orci sit amet eros nonummy posuere. Nulla vitae erat nec libero porttitor dapibus. Proin enim. In lorem. Vestibulum porta lectus sed nisi. Vestibulum ante ipsum primis in faucibus orci luctus et ultrices posuere cubilia Curae; Cras dapibus elit eu sapien. Mauris vitae nulla.\\r\\n\\r\\nPellentesque condimentum nisl quis arcu. Phasellus augue leo, luctus sed, adipiscing nec, malesuada eu, magna. Fusce fringilla, orci et egestas ullamcorper, ipsum turpis semper neque, quis hendrerit ipsum enim eu mi. Nulla id arcu. Fusce ante diam, pretium a, egestas a, rutrum nec, turpis. Etiam massa libero, convallis in, scelerisque sit amet, vulputate ac, lacus. In hac habitasse platea dictumst. Cras magna erat, fringilla sed, ornare sit amet, ornare dapibus, augue. Vestibulum egestas. Mauris luctus rutrum erat. Proin lobortis semper justo. Cum sociis natoque penatibus et magnis dis parturient montes, nascetur ridiculus mus. Morbi hendrerit suscipit neque. Duis faucibus lacinia nisi. Vivamus consectetuer hendrerit risus.\r\n\r\nUt quam. Quisque libero. Nulla viverra. Sed malesuada laoreet tellus. Sed scelerisque. Nunc odio. Curabitur ut felis. Donec non mauris. Etiam tristique egestas magna. Pellentesque orci mauris, ultricies suscipit, lobortis congue, tristique vel, risus. Nullam neque felis, venenatis nec, viverra sit amet, scelerisque eu, ipsum. Nam magna ligula, tincidunt vel, feugiat et, rhoncus eleifend, erat. Ut feugiat arcu quis purus. Cras nonummy. Pellentesque porta imperdiet dui.', 0x31, '2006-03-06 14:45:00');
        

